<?xml version="1.0" encoding="UTF-8"?>
<project-private xmlns="http://www.netbeans.org/ns/project-private/1">
    <editor-bookmarks xmlns="http://www.netbeans.org/ns/editor-bookmarks/2" lastBookmarkId="0"/>
    <open-files xmlns="http://www.netbeans.org/ns/projectui-open-files/2">
        <group>
            <file>file:/C:/Users/Elang/OneDrive/Documents/NetBeansProjects/bangun%20ruang/src/bangun/ruang/balok.java</file>
            <file>file:/C:/Users/Elang/OneDrive/Documents/NetBeansProjects/bangun%20ruang/src/bangun/ruang/limassegiempat.java</file>
            <file>file:/C:/Users/Elang/OneDrive/Documents/NetBeansProjects/bangun%20ruang/src/bangun/ruang/bola.java</file>
            <file>file:/C:/Users/Elang/OneDrive/Documents/NetBeansProjects/bangun%20ruang/src/bangun/ruang/tabung.java</file>
            <file>file:/C:/Users/Elang/OneDrive/Documents/NetBeansProjects/bangun%20ruang/src/bangun/ruang/kubus.java</file>
            <file>file:/C:/Users/Elang/OneDrive/Documents/NetBeansProjects/bangun%20ruang/src/bangun/ruang/main.java</file>
        </group>
    </open-files>
</project-private>
